Protein.Group	Protein.Ids	Protein.Names	Genes	First.Protein.Description	Proteotypic	C:\DIA-NN\Sple-WT-01_Slot1-01_1_3898.d	C:\DIA-NN\Sple-WT-02_Slot1-02_1_3898.d	C:\DIA-NN\Sple-WT-03_Slot1-03_1_3898.d	C:\DIA-NN\Sple-WT-04_Slot1-04_1_3898.d	C:\DIA-NN\Sple-KO-01_Slot1-05_1_3898.d	C:\DIA-NN\Sple-KO-02_Slot1-06_1_3898.d	C:\DIA-NN\Sple-KO-03_Slot1-07_1_3898.d	C:\DIA-NN\Sple-KO-04_Slot1-08_1_3898.d	C:\DIA-NN\Sple-WT-stress-01_Slot1-09_1_3898.d	C:\DIA-NN\Sple-WT-stress-02_Slot1-10_1_3898.d	C:\DIA-NN\Sple-WT-stress-03_Slot1-11_1_3898.d	C:\DIA-NN\Sple-WT-stress-04_Slot1-12_1_3898.d	C:\DIA-NN\Sple-KO-stress-01_Slot1-13_1_3898.d	C:\DIA-NN\Sple-KO-stress-02_Slot1-14_1_3898.d	C:\DIA-NN\Sple-KO-stress-03_Slot1-15_1_3898.d	C:\DIA-NN\Sple-KO-stress-04_Slot1-16_1_3898.d
P10000	P10000	Prot001_HUMAN	Prot001	Prot001 protein homolog	1	77949670	18845515	27016712	34807486	257528094	0	173900038	343264955	0	23714581	10113935	6119415	0	18528231	0	4260834
P10001	P10001	Str002_HUMAN	Str002	Str002 protein homolog	4	34568354	17378815	30236299	152088895	287839622	851291999	136303149	45239562	23894864	37443608	57570185	8097098	32834805	44959422	1223055989	429616317
P10002	P10002	Sig003_HUMAN	Sig003	Sig003 protein homolog	4	0	19662605	4734578	13733249	189166671	540938265	49644291	52192533	0	27910398	8988019	18636024	11162036	28006799	0	0
P10003	P10003	Rec004_HUMAN	Rec004	Rec004 protein homolog	2	567697548	5654820	6228887	436874663	6160914358	18726386	0	195255334	309697649	6804848	26078455	131195906	56377258	19046450	34830398	0
P10004	P10004	Rec005_HUMAN	Rec005	Rec005 protein homolog	3	36306212	0	26370809	15226643	222216843	517147328	152617285	258760209	35284707	27767551	11906354	57914601	0	433803517	449745200	50122849
P10005	P10005	Str006_HUMAN	Str006	Str006 protein homolog	4	11322425	6608257	196058944	69829602	294617310	8716505	364069826	231935954	6807382	12199891	57347874	28789460	30528388	42448588	22471127	45419762
P10006	P10006	Prot007_HUMAN	Prot007	Prot007 protein homolog	1	199719475	0	21785150	34184861	190496266	72750127	10984825	257660284	312462572	5740655	84364817	29774596	24947607	7793819	19059789	189414375
P10007	P10007	Sig008_HUMAN	Sig008	Sig008 protein homolog	2	88902315	506003193	219855622	56694932	1564598801	209643513	344161686	70102755	33596780	13440039	88896502	6488648	136044955	32530083	150682743	71066982
P10008	P10008	Kin009_HUMAN	Kin009	Kin009 protein homolog	2	460696503	57073626	4781280	29251705	38687809	45689226	1320009104	318102169	11886527	6190447	39745510	7151036	19182105	63772629	147123806	63329052
P10009	P10009	Prot010_HUMAN	Prot010	Prot010 protein homolog	1	0	69509207	31538590	81024199	1406966639	8230190	55490314	349329810	0	240445403	64621668	105303367	12879848	117450320	145631521	51299059
P10010	P10010	Trf011_HUMAN	Trf011	Trf011 protein homolog	1	42255735	37959300	14543101	37722607	130555719	210675093	504246212	41242431	26213977	229376807	17666267	10626746	64158629	80878494	37968708	325762649
P10011	P10011	Met012_HUMAN	Met012	Met012 protein homolog	3	110733245	102031457	56741754	1058965995	86047992	8184783	959799645	98366894	49544668	204797937	0	8144968	0	8867930	42786069	60674464
P10012	P10012	Sig013_HUMAN	Sig013	Sig013 protein homolog	2	36367764	4158471	0	33463548	75144071	218305183	360009059	242389692	89520846	49942045	50524200	17329002	23687378	54839507	102007703	22076244
P10013	P10013	Str014_HUMAN	Str014	Str014 protein homolog	1	79455196	21127083	35775971	90495494	9956860	20512411	18493264	4798559	13240588	75840213	23800671	44547357	135751126	208990753	31349203	192764569
P10014	P10014	Sig015_HUMAN	Sig015	Sig015 protein homolog	2	37118259	8526593	23973200	5370639	41472754	104259275	270939274	856712406	4545002	43426901	7549399	67626772	33880481	0	132047631	14547979
P10015	P10015	Str016_HUMAN	Str016	Str016 protein homolog	1	17206523	6835254	18060994	59431657	149313149	179599414	258697686	827063446	19488300	4939655	138440689	12183573	83214087	0	36132718	80570818
P10016	P10016	Trf017_HUMAN	Trf017	Trf017 protein homolog	3	499796876	456541452	33855505	41997745	483978878	58553430	339301274	143031583	51732131	8073553	5109657	0	6712796	19636053	19784995	507391769
P10017	P10017	Kin018_HUMAN	Kin018	Kin018 protein homolog	2	115174547	11083759	53169427	24283680	86784344	168689084	246096177	98212963	122223891	6227392	33857973	0	32061318	233231474	44943508	69381744
P10018	P10018	Str019_HUMAN	Str019	Str019 protein homolog	3	29598363	27404446	11093775	49175898	40912029	415246401	485609439	206378615	16929231	76573705	21457020	0	0	16405829	0	0
P10019	P10019	Rec020_HUMAN	Rec020	Rec020 protein homolog	4	178047962	153916348	10626064	4605290	0	73992161	3107280689	0	15618048	103747549	4394327	19642593	44412721	0	71563539	45411231
P10020	P10020	Trf021_HUMAN	Trf021	Trf021 protein homolog	2	80673011	11847907	108702042	244728047	46828639	29166847	820259314	127954993	233457925	0	190536011	38383205	41006485	306434899	15183738	10778600
P10021	P10021	Enz022_HUMAN	Enz022	Enz022 protein homolog	4	18455358	65347052	5166675	74132516	54687673	588022546	4665891	44262419	0	7008214	42092302	28205915	24294431	34533580	66803596	9707901
P10022	P10022	Kin023_HUMAN	Kin023	Kin023 protein homolog	1	119170794	98619132	81655439	106651053	246700526	2611190647	113982887	86934915	11004525	9127891	5145757	9405501	18642451	76317851	34405639	12764233
P10023	P10023	Met024_HUMAN	Met024	Met024 protein homolog	4	158258213	99549682	36313596	10483712	472608002	218351959	18829694	0	37841899	9078521	58948914	0	240341332	211422373	35608864	0
P10024	P10024	Str025_HUMAN	Str025	Str025 protein homolog	2	0	6012207	20347374	5887128	288188465	2326718880	20843164	49029900	40516519	243327165	5522571	50826741	395579308	0	6566639	23359615
P10025	P10025	Sig026_HUMAN	Sig026	Sig026 protein homolog	2	15286921	83307091	47655777	0	202395674	50080295	676323557	53851316	11850620	82299220	69202125	44964500	0	68204946	5911081	40983150
P10026	P10026	Rec027_HUMAN	Rec027	Rec027 protein homolog	4	4289024	57404277	11319968	4940607	490946699	0	48447280	1023391596	18691768	45162806	42996389	16671374	65040225	21841449	24802647	231170020
P10027	P10027	Str028_HUMAN	Str028	Str028 protein homolog	2	7508759	0	301532649	1630591255	77785746	8415579	79318140	70135592	28951204	6044621	94157113	53060474	4340293	112352780	369166357	64795950
P10028	P10028	Trf029_HUMAN	Trf029	Trf029 protein homolog	3	19242115	28379034	88670341	0	178450238	96116946	1937261066	152044551	377649722	10930903	91346238	35889922	17311606	38078913	245934838	21539099
P10029	P10029	Rec030_HUMAN	Rec030	Rec030 protein homolog	4	4007863	28379201	10938239	19804994	166451357	13820399	17362436	166958072	15970330	0	104344010	59776979	0	5461916	136656971	33907346
P10030	P10030	Rec031_HUMAN	Rec031	Rec031 protein homolog	2	1031437827	56050027	47509439	28552374	537536367	396271384	739982600	78168090	21978741	0	86949794	234689600	21142974	18458839	41721849	16812351
P10031	P10031	Kin032_HUMAN	Kin032	Kin032 protein homolog	2	149301843	0	0	0	4098346	34959516	36426360	109907420	203109120	18119541	9048905	38425163	138224117	8428522	10359026	78193374
P10032	P10032	Prot033_HUMAN	Prot033	Prot033 protein homolog	2	27858872	92525875	26844342	109049449	40738194	137195276	73455815	24288910	3999438	68429638	0	6067322	0	165909851	0	4533400
P10033	P10033	Trf034_HUMAN	Trf034	Trf034 protein homolog	2	9226003	283207065	45764140	82288680	23536961	25420290	250680574	150057085	69008066	23688149	45864242	70374801	84025112	91459199	7046191	0
P10034	P10034	Met035_HUMAN	Met035	Met035 protein homolog	2	100980157	207459768	6746661	0	147361147	445156597	2266687776	308889491	24537134	10649000	31081854	25164331	10563823	590733715	579739516	193430965
P10035	P10035	Prot036_HUMAN	Prot036	Prot036 protein homolog	1	9783328	115673616	83798666	47773909	744816026	339091230	343373374	348145629	54056885	0	43249372	16068835	4282893	501213509	358009686	217158813
P10036	P10036	Str037_HUMAN	Str037	Str037 protein homolog	4	44511370	197151130	47038012	59295029	32330114	227569593	165988408	22397507	30043278	32231603	369955116	122152312	35569988	53701365	31365683	29357238
P10037	P10037	Str038_HUMAN	Str038	Str038 protein homolog	3	6197488	24160152	10685314	4744265	336759245	188738509	9749589	147001235	118493112	140111940	112711930	42111524	0	8710270	60501549	57642788
P10038	P10038	Enz039_HUMAN	Enz039	Enz039 protein homolog	4	179243954	130138131	36528377	7010225	74658104	182891390	95288513	47642592	49436218	15304331	11523749	37991304	13883555	43568464	48144896	5763651
P10039	P10039	Sig040_HUMAN	Sig040	Sig040 protein homolog	3	19714305	242917286	7554509	0	8625486	143100667	107743993	127560803	148638735	0	54145234	364574005	5563847	17213725	12789855	12388146
P10040	P10040	Kin041_HUMAN	Kin041	Kin041 protein homolog	2	0	244859752	627959832	19830561	2365914373	115915532	1665654698	72470714	31868733	61366670	2094524629	119352705	15198318	115843325	16611154	15419403
P10041	P10041	Str042_HUMAN	Str042	Str042 protein homolog	2	96729930	34302421	50430004	32102168	303153665	208303328	12226397	272328657	8731477	0	39152053	34542870	14399432	115909007	4665718	21695574
P10042	P10042	Sig043_HUMAN	Sig043	Sig043 protein homolog	4	21969510	34697674	55563551	9542002	270353608	161177166	7887188	7858655	51710142	23433788	24925300	41019593	0	113732826	9323924	6668297
P10043	P10043	Enz044_HUMAN	Enz044	Enz044 protein homolog	1	5326931	56081834	173571518	25416755	0	15733999	61183358	51901009	18298966	0	18223586	152028620	12543958	9648303	65838703	4051698
P10044	P10044	Prot045_HUMAN	Prot045	Prot045 protein homolog	2	59589204	34151804	24369334	295990562	56125685	2131085809	105036753	15670399	31759817	7120421	9904507	81643008	72769105	14693711	119285304	166423259
P10045	P10045	Met046_HUMAN	Met046	Met046 protein homolog	3	190871633	67476495	182808117	0	50725643	31911841	214682543	72236311	35061785	608493301	30503186	54197539	19599126	47303708	34292832	104930218
P10046	P10046	Rec047_HUMAN	Rec047	Rec047 protein homolog	3	156445582	496306721	49888454	100311262	38738869	96055276	0	359656268	34839875	131720803	63600946	179116426	56259369	13927059	69847847	0
P10047	P10047	Met048_HUMAN	Met048	Met048 protein homolog	3	63730995	0	4091822	61414670	167312203	27109228	52144363	723693573	17687011	697459930	25312279	67928695	280734523	36977400	7594578	37261661
P10048	P10048	Sig049_HUMAN	Sig049	Sig049 protein homolog	1	31667588	5143242	21474854	13204037	640006328	161122417	104611672	131410489	34311080	65763910	8041757	0	124364313	12835832	0	58855248
P10049	P10049	Str050_HUMAN	Str050	Str050 protein homolog	1	62871885	0	46885581	0	282944720	311676737	22143210	221548057	16479157	16861414	86753822	255033720	345761228	224821482	21800008	54882804
P10050	P10050	Str051_HUMAN	Str051	Str051 protein homolog	3	109425248	47936942	34313621	105511978	8028387	4210511	0	16713261	60369868	50805831	0	17679229	53827286	59647627	7168844	205008838
P10051	P10051	Kin052_HUMAN	Kin052	Kin052 protein homolog	2	15197106	4099184	5476595	6189701	8600040	4907641	4947183	15228587	56199141	50414165	66387765	82185992	0	14987238	0	32929104
P10052	P10052	Enz053_HUMAN	Enz053	Enz053 protein homolog	2	32204401	177783212	149901348	58864944	5660980	19220700	0	5313852	164775111	15848828	87804895	109539156	7466230	118518881	98566892	30658226
P10053	P10053	Rec054_HUMAN	Rec054	Rec054 protein homolog	4	11399828	12788370	16638338	92273741	0	15409812	0	5023046	45782589	720880490	4645366	277050420	56063405	52646632	34585153	61484520
P10054	P10054	Rec055_HUMAN	Rec055	Rec055 protein homolog	3	29168415	243918901	22165894	136537877	0	8464891	0	18770456	256598852	35515398	26591463	7738848	21408749	0	12210026	52442212
P10055	P10055	Prot056_HUMAN	Prot056	Prot056 protein homolog	3	168846478	1711579015	9082745	217798422	14362596	6627167	15659802	4881586	36040491	20438915	5321374	4822856	79442761	22090198	11131826	32538734
P10056	P10056	Trf057_HUMAN	Trf057	Trf057 protein homolog	1	77698961	29340026	10783605	251362010	70797871	0	29075046	32338617	195288610	50038628	68531137	68184320	7689570	76211503	0	9440770
P10057	P10057	Kin058_HUMAN	Kin058	Kin058 protein homolog	3	0	91578923	322743803	17889012	0	6211949	11799309	0	190431941	19619611	59830869	6234590	36191589	36451659	12979471	26712135
P10058	P10058	Sig059_HUMAN	Sig059	Sig059 protein homolog	4	23305526	31451084	355363222	31951308	0	0	0	5085278	9495753	314639659	29141013	219981480	69882144	0	22629646	32384978
P10059	P10059	Sig060_HUMAN	Sig060	Sig060 protein homolog	3	296849261	0	0	13986687	6406349	0	17199088	4698818	161323205	154358639	45862856	146956564	50349389	17710484	103250059	40461370
P10060	P10060	Met061_HUMAN	Met061	Met061 protein homolog	4	32110935	355438935	0	5099858	0	4466184	4982495	0	7729902	7512582	883956208	431071156	24670510	22746651	3972819	0
P10061	P10061	Sig062_HUMAN	Sig062	Sig062 protein homolog	4	25408257	9244860	29743237	0	0	10259996	18432401	14902446	6741708	133414776	12712022	55644284	41704867	4526155	25119819	45487525
P10062	P10062	Enz063_HUMAN	Enz063	Enz063 protein homolog	4	61343559	41624823	229905041	172121673	6023697	21745410	121311266	96943501	6097869	7415495	242129636	0	5655311	12565463	71721377	29070985
P10063	P10063	Met064_HUMAN	Met064	Met064 protein homolog	2	12164866	15390939	12072020	7779695	291235032	12625488	28198254	3914274	33140140	11187842	0	4313352	0	0	6067948	280201201
P10064	P10064	Rec065_HUMAN	Rec065	Rec065 protein homolog	2	36858916	189963989	0	106325542	0	17359877	24562983	0	70069566	69065345	19396797	4821711	6003163	34223516	64466263	0
P10065	P10065	Enz066_HUMAN	Enz066	Enz066 protein homolog	2	50577734	84928067	72592367	0	45764989	0	65614580	0	157028654	47574995	11988191	0	25692259	0	68713018	199909181
P10066	P10066	Met067_HUMAN	Met067	Met067 protein homolog	4	11070879	50304079	14002461	12523933	19494681	7297634	94210150	4510221	113799837	46324139	88866540	15065753	27985280	35750356	10242374	72717991
P10067	P10067	Enz068_HUMAN	Enz068	Enz068 protein homolog	2	100201602	119292983	295142429	323421947	6187537	0	0	6636298	14000921	278342025	51089749	21220763	165368372	0	0	68631395
P10068	P10068	Prot069_HUMAN	Prot069	Prot069 protein homolog	4	31244539	34619289	5613331	36075793	142262806	22325326	11172659	4139020	15325031	0	56851267	131970008	0	17141320	6085718	10082485
P10069	P10069	Rec070_HUMAN	Rec070	Rec070 protein homolog	4	0	0	47525139	89608743	6035834	0	0	36390638	0	17171245	5813055	126851428	17896593	50776944	63226173	336332530
P10070	P10070	Str071_HUMAN	Str071	Str071 protein homolog	3	33230432	71349009	4188767	130728401	0	3994768	9118125	0	43098881	179626045	48136065	5054357	32346252	74916176	0	7362986
P10071	P10071	Kin072_HUMAN	Kin072	Kin072 protein homolog	1	92781493	39881890	81256153	360589320	20099222	19070385	357606880	7009811	9802150	68327551	40293761	17715163	4800146	786916231	63048549	13837863
P10072	P10072	Rec073_HUMAN	Rec073	Rec073 protein homolog	3	91187798	22615528	20478908	76048186	0	13639499	126919493	15093710	22217175	17403892	16974006	15775887	0	98028660	0	122460171
P10073	P10073	Kin074_HUMAN	Kin074	Kin074 protein homolog	1	26616673	56138124	7893554	0	49637495	31333644	0	23662589	55933872	4517527	31828042	44165501	123303672	34281927	49573054	278138695
P10074	P10074	Sig075_HUMAN	Sig075	Sig075 protein homolog	3	194117248	0	20794444	25433353	0	14947821	45253256	0	49895487	8756506	12025077	188479650	15296497	58515791	0	345862914
P10075	P10075	Rec076_HUMAN	Rec076	Rec076 protein homolog	1	68621662	21614081	100585850	3966784	48576372	6550069	6132415	0	11297114	105106047	0	89855549	33945461	73923993	20709335	607943684
P10076	P10076	Enz077_HUMAN	Enz077	Enz077 protein homolog	1	0	223601215	196099622	5812139	211074025	26881348	35527153	11650519	24916125	30874492	59533587	325617127	34593467	9468131	121031103	115649033
P10077	P10077	Kin078_HUMAN	Kin078	Kin078 protein homolog	3	105669571	86212035	35441960	14391173	0	0	14926769	5837597	0	0	0	151393678	13384732	33679582	4690988	210828833
P10078	P10078	Trf079_HUMAN	Trf079	Trf079 protein homolog	2	33261875	0	950798017	298161304	4016937	4167505	6088812	22035927	45049715	13643812	236590918	24544564	842984195	38158620	379733533	68183539
P10079	P10079	Sig080_HUMAN	Sig080	Sig080 protein homolog	3	101401017	9896187	8303073	58881603	25580292	8780925	0	0	5564640	0	48711697	153277733	32770854	0	25719604	31049601
P10080	P10080	Met081_HUMAN	Met081	Met081 protein homolog	2	563014653	4957728	16486944	418142814	13875004	21865153	9958257	18184087	77570176	8036714	99711183	0	39680186	48920884	14266817	29428795
P10081	P10081	Rec082_HUMAN	Rec082	Rec082 protein homolog	2	13061623	6707882	28966484	6232463	9968567	0	21520784	0	13717825	16830660	263815238	47590792	0	78155758	0	23571656
P10082	P10082	Kin083_HUMAN	Kin083	Kin083 protein homolog	1	423121767	23788550	41725974	67937679	28070771	0	0	10165620	10830144	211987116	24473068	0	0	0	20409777	18241839
P10083	P10083	Str084_HUMAN	Str084	Str084 protein homolog	2	17313380	107401698	177278412	22525985	0	28321035	16199567	9163690	157678534	5736580	681699452	7618767	84718666	0	10453164	322177926
P10084	P10084	Sig085_HUMAN	Sig085	Sig085 protein homolog	4	22938663	119997593	54418707	30246281	53941907	4473876	0	0	66106953	75729292	0	17303083	14911016	0	4588717	9928441
P10085	P10085	Sig086_HUMAN	Sig086	Sig086 protein homolog	4	11870653	104830987	118565600	26307469	0	7391061	4143606	0	12261842	11460349	6438600	47838923	77805726	5176221	35295377	27224149
P10086	P10086	Prot087_HUMAN	Prot087	Prot087 protein homolog	2	50955525	37796218	6211194	5673610	12520258	30750000	0	14997175	139788398	28374490	72055977	10602522	30634804	0	0	122224508
P10087	P10087	Enz088_HUMAN	Enz088	Enz088 protein homolog	1	8406110	16530584	5054250	4156351	0	0	0	14140739	80019446	35496198	326682311	8043158	33327527	208617159	249390008	4256350
P10088	P10088	Str089_HUMAN	Str089	Str089 protein homolog	4	0	149649434	69277623	0	5967585	0	13607510	4154608	32621688	28993893	10984490	89208533	2154737055	0	72724754	9960372
P10089	P10089	Str090_HUMAN	Str090	Str090 protein homolog	3	102035550	26389546	112670895	154497884	9026605	45787343	0	92022614	59015160	153671448	6900686	11298198	45972995	34191255	59195013	107582485
P10090	P10090	Rec091_HUMAN	Rec091	Rec091 protein homolog	1	0	97067445	35952142	35591152	0	17300050	0	13406888	0	38981074	15573219	0	32931092	15791248	17970037	235381358
P10091	P10091	Str092_HUMAN	Str092	Str092 protein homolog	1	73800395	22066561	22640634	3914481	12602767	0	32638258	13358151	843300150	5987808	37954508	454513392	187375174	11203811	50007252	26849935
P10092	P10092	Str093_HUMAN	Str093	Str093 protein homolog	1	0	16967905	41617092	4242409	7589852	16309852	9549976	0	130485047	74622501	13943698	38088338	0	6591854	20535474	143659487
P10093	P10093	Rec094_HUMAN	Rec094	Rec094 protein homolog	4	13272739	80402295	19733786	53765429	7582953	25880890	5145495	0	5703778	16388116	4534528	51898143	0	807469780	0	64405081
P10094	P10094	Met095_HUMAN	Met095	Met095 protein homolog	4	9105103	16381311	0	0	11530373	81928655	5188379	14884647	83894381	0	14655546	0	73297337	24124916	9587897	36280643
P10095	P10095	Enz096_HUMAN	Enz096	Enz096 protein homolog	2	16722134	12800466	58701026	6140037	37760814	0	0	102238320	212505536	27988296	11817141	21200674	0	30635566	24963224	30776337
P10096	P10096	Kin097_HUMAN	Kin097	Kin097 protein homolog	1	19042741	0	18750150	136474185	0	7423795	0	13399415	22037764	324211864	74787280	6675166	65107521	11178110	14956947	49280482
P10097	P10097	Sig098_HUMAN	Sig098	Sig098 protein homolog	3	18611243	132005749	12441499	13712836	0	4810909	41405037	16228298	0	541467124	8098240	35500211	5830787	15874064	11015172	8975794
P10098	P10098	Sig099_HUMAN	Sig099	Sig099 protein homolog	2	12300706	34369168	6171122	85181294	0	0	3889439	7981183	5204844	349691960	175216688	39149563	4500711	43467450	6806550	373268270
P10099	P10099	Kin100_HUMAN	Kin100	Kin100 protein homolog	1	108120394	27383454	0	9615078	21206215	35021763	56265842	0	58475796	142960920	0	47329893	55123970	19688796	0	18735536
P10100	P10100	Str101_HUMAN	Str101	Str101 protein homolog	2	22052769	20884512	12393435	18351462	34283556	43490351	24399236	0	140755346	6151807	145554436	96338903	82879763	468071004	6333308	5959786
P10101	P10101	Kin102_HUMAN	Kin102	Kin102 protein homolog	2	55467831	26959344	32492598	19248615	67053352	97255374	78109321	26069549	3936473	242386079	427793068	335563978	0	221285753	352712587	621326626
P10102	P10102	Str103_HUMAN	Str103	Str103 protein homolog	1	8660304	25054211	103870686	35605145	7506707	60596599	72337983	0	117761310	69580005	802431248	28375124	32904449	78288261	348739030	16169319
P10103	P10103	Prot104_HUMAN	Prot104	Prot104 protein homolog	3	5631669	0	36786997	5620791	25848598	87255009	11996227	44661408	56166762	316521799	175827331	37561265	84638717	345774638	170461014	14488516
P10104	P10104	Str105_HUMAN	Str105	Str105 protein homolog	2	60273164	7862669	235523784	142579128	50523801	44037115	33164546	67257679	52864575	0	351304421	47922790	71611486	20590987	27450628	7059270
P10105	P10105	Str106_HUMAN	Str106	Str106 protein homolog	3	75072639	385868452	280659555	0	99671987	230454929	16480300	37203568	6821022	163610552	17623633	146667380	9518994	222062869	377378143	44379092
P10106	P10106	Str107_HUMAN	Str107	Str107 protein homolog	3	6360604	0	26310783	12493068	0	59486627	16159902	6892572	55441369	370024064	246292294	84610089	167445457	21146666	73982783	0
P10107	P10107	Sig108_HUMAN	Sig108	Sig108 protein homolog	4	15742589	61472032	8689544	69782217	87440763	0	154011333	0	44638569	237021432	92956245	13877016	24084497	382464169	4496543	522334523
P10108	P10108	Rec109_HUMAN	Rec109	Rec109 protein homolog	4	0	7194130	14286305	8606308	94903074	110860663	0	30588511	45678541	800779506	19038882	861988691	115504557	18580400	26868200	42699704
P10109	P10109	Sig110_HUMAN	Sig110	Sig110 protein homolog	3	7249301	38019915	4740519	0	13573631	0	8474433	10099940	23800026	1130187639	107840934	124416466	9627035	29450568	109276721	13958586
P10110	P10110	Enz111_HUMAN	Enz111	Enz111 protein homolog	4	75022587	0	34794289	0	35504355	12977284	27640588	21733589	36025488	185437903	117341081	75235711	55542146	233690139	75180246	56241499
P10111	P10111	Str112_HUMAN	Str112	Str112 protein homolog	3	39836574	470090125	5053424	118118122	0	41122864	299602047	98548887	79987128	42774216	134134122	56838622	30539966	68034843	129835970	45371939
P10112	P10112	Trf113_HUMAN	Trf113	Trf113 protein homolog	1	12045396	6709830	53515280	61261990	0	100499289	41909930	53323141	125763512	92729014	35844330	2398451126	45919284	47981453	159634625	0
P10113	P10113	Rec114_HUMAN	Rec114	Rec114 protein homolog	4	4968178	185716540	30127861	5089592	215066307	78437828	6850466	455046779	201416382	77364541	986021689	111125976	110906035	36615203	263043071	200662707
P10114	P10114	Trf115_HUMAN	Trf115	Trf115 protein homolog	4	36357578	10383747	42166326	39034818	5224229	4870801	74163951	0	180552640	62803990	591709721	0	204625014	52809013	118500314	314581183
P10115	P10115	Trf116_HUMAN	Trf116	Trf116 protein homolog	2	20650234	106061958	10368465	0	98197437	110616426	648204345	12300771	16254542	28051304	316936105	220204151	82976923	30388628	342952053	15629119
P10116	P10116	Prot117_HUMAN	Prot117	Prot117 protein homolog	2	135058728	1957439911	52631540	80652441	19776756	0	11536712	7991057	11427246	1065252742	104775568	152445713	71748276	84710506	0	71173973
P10117	P10117	Kin118_HUMAN	Kin118	Kin118 protein homolog	4	70255945	28734910	22716649	4289933	0	31911715	37869598	0	94382128	156402921	0	26854640	159239958	165571870	19964392	149844168
P10118	P10118	Kin119_HUMAN	Kin119	Kin119 protein homolog	2	140914949	128511638	28691732	16307206	12201508	43985157	46571446	123078890	125335361	340611547	99298987	267706590	389497273	47241611	10545296	953434838
P10119	P10119	Prot120_HUMAN	Prot120	Prot120 protein homolog	2	48244549	0	10664469	72390564	18013895	16670767	220188829	0	31144979	119070753	127777201	174860885	314000189	109941901	226787978	44605275
P10120	P10120	Rec121_HUMAN	Rec121	Rec121 protein homolog	3	24219351	38975227	46124643	106504869	64759984	29476397	10913066	0	126038203	115963455	1999642665	76825391	163662660	468596583	124355636	2824034820
P10121	P10121	Sig122_HUMAN	Sig122	Sig122 protein homolog	2	21100408	54749053	11320927	18284937	50701442	165379122	67173750	204766590	99405222	49982168	3817064894	199640648	47690119	30880924	23231253	547222173
P10122	P10122	Sig123_HUMAN	Sig123	Sig123 protein homolog	2	20656948	58491901	32077088	97360881	9735776	9189926	0	62243415	139852369	0	236309943	30541392	56815662	32257446	524884251	238688371
P10123	P10123	Rec124_HUMAN	Rec124	Rec124 protein homolog	4	60374847	156955306	1699599956	0	9860189	12305992	8266512	8280873	41609283	14238752	102510913	111240186	127086651	193127137	307896646	80095192
P10124	P10124	Str125_HUMAN	Str125	Str125 protein homolog	1	436230237	49412924	0	6523920	0	44372318	32104834	15105874	1785105784	127405582	222050562	21995202	24144753	95749565	117133049	6980800
P10125	P10125	Trf126_HUMAN	Trf126	Trf126 protein homolog	1	26255350	38282546	25686392	10241428	17266281	31180023	33900243	76648931	540711717	50175381	73390921	131780791	206001621	42664775	447454284	332358652
P10126	P10126	Prot127_HUMAN	Prot127	Prot127 protein homolog	2	181214176	365530662	10297912	31948921	33154223	14059967	13804373	4294974	133932377	0	102829184	37406396	0	154047435	103862550	165603130
P10127	P10127	Str128_HUMAN	Str128	Str128 protein homolog	1	668360359	65943210	68256598	10283469	4823220	374402343	8144487	8271459	94042333	96101971	28613827	53324611	626545273	44506408	12175806	239361788
P10128	P10128	Trf129_HUMAN	Trf129	Trf129 protein homolog	2	73660593	0	0	13417444	28287736	159688877	7809507	40513135	243493868	0	310239854	18965417	118899102	96543463	487164437	234855523
P10129	P10129	Sig130_HUMAN	Sig130	Sig130 protein homolog	1	0	12016715	42261679	29024463	73775907	58300161	0	27766102	6739401	50855423	197591588	21285727	311557949	422648318	110399982	0
P10130	P10130	Trf131_HUMAN	Trf131	Trf131 protein homolog	3	0	428413190	11871046	0	191976701	39503247	207549773	48991785	287950016	164755790	190064217	1984652579	337471086	12003564	144766049	434135082
P10131	P10131	Trf132_HUMAN	Trf132	Trf132 protein homolog	3	171911346	16921496	199707532	138746988	1513251897	11074121	21323739	16529763	36038619	21469987	0	66706059	139730671	43380648	1327400871	108912934
P10132	P10132	Prot133_HUMAN	Prot133	Prot133 protein homolog	2	0	43148759	79761877	43877158	0	36952189	57230666	72100656	56348154	0	2813764783	66002146	124309811	873606340	499770109	90177659
P10133	P10133	Trf134_HUMAN	Trf134	Trf134 protein homolog	3	0	79480437	0	224349095	45346559	104838034	11035724	3881280	144431636	87871269	45571284	89095745	5186092701	411398788	362146126	343071950
P10134	P10134	Str135_HUMAN	Str135	Str135 protein homolog	1	285433489	25825375	0	19708962	87888851	5606611	35214769	13882571	756660130	170104172	160268980	224556028	135775551	107929896	21966021	4145588
P10135	P10135	Enz136_HUMAN	Enz136	Enz136 protein homolog	1	0	67687479	166938751	256723506	397235174	8491689	25835141	56631206	4252934877	781833732	490347952	56978443	25113473	283212739	18821788	83252549
P10136	P10136	Trf137_HUMAN	Trf137	Trf137 protein homolog	2	27435241	223681703	14472173	0	76782836	10020873	37889316	30611341	64071499	310970551	11714250	26382037	229034271	44255744	14349244	340492545
P10137	P10137	Prot138_HUMAN	Prot138	Prot138 protein homolog	1	119898976	29314111	0	122474402	4148277	55376668	10149468	8956544	66165577	93652767	42725305	199614055	59980852	437647568	134698177	33543058
P10138	P10138	Enz139_HUMAN	Enz139	Enz139 protein homolog	4	12786465	4832178	42964674	19430395	0	17666953	8631752	441063572	9777751	14371560	637391487	567013493	33172963	30447737	215149709	0
P10139	P10139	Rec140_HUMAN	Rec140	Rec140 protein homolog	2	0	24811957	271553334	17961602	45215482	127581129	0	17443134	64003360	1368161928	8121882	384893427	18161142	147313939	53299755	17843803
P10140	P10140	Met141_HUMAN	Met141	Met141 protein homolog	2	8828897	45165499	97553959	31269919	24440603	59710273	7741581	110544479	386884235	4409864776	54577746	30359483	298920717	401098258	58420153	59755134
P10141	P10141	Kin142_HUMAN	Kin142	Kin142 protein homolog	2	55477938	9551126	28393873	28297409	105124594	17654935	0	0	22753185	16917128	70750555	14389441	54839498	32287953	0	714866559
P10142	P10142	Enz143_HUMAN	Enz143	Enz143 protein homolog	2	75377191	30841647	23922119	24945735	35774249	84548289	9297429	28470501	5994818	96134340	247758940	54521451	0	27560133	103870506	125255977
P10143	P10143	Rec144_HUMAN	Rec144	Rec144 protein homolog	1	0	0	37651031	96986492	326610777	29661363	100119277	14732310	0	38261904	485980771	2647675831	96421101	5951849	43386039	437573210
P10144	P10144	Met145_HUMAN	Met145	Met145 protein homolog	4	112017523	34493436	0	73867954	254474558	124857964	340526543	36435749	300055745	41990554	48490596	733064998	98189382	0	140503159	40721243
P10145	P10145	Str146_HUMAN	Str146	Str146 protein homolog	1	38357823	274708152	69275990	0	28001067	450988777	30044833	0	1026828285	282149992	86102987	51296010	400246378	0	560899082	149851278
P10146	P10146	Prot147_HUMAN	Prot147	Prot147 protein homolog	2	0	38341348	36825178	178032378	7187517	4691292	104122477	63062287	109324751	164531691	76855574	0	74340011	69541295	38753886	1447447838
P10147	P10147	Kin148_HUMAN	Kin148	Kin148 protein homolog	4	0	85254775	4286206	35217774	13890353	0	63965372	13996410	0	377142100	668328689	573291662	149488711	109119114	588088445	707998628
P10148	P10148	Str149_HUMAN	Str149	Str149 protein homolog	2	239061153	11209279	0	58038379	0	50853188	838239103	0	721120891	95915325	67957910	226707922	31007512	26048041	361443562	561840022
P10149	P10149	Prot150_HUMAN	Prot150	Prot150 protein homolog	3	9347512	133682788	19004939	56110153	68538197	173917701	0	148687010	118457512	179480147	34845945	1075452786	165831508	343023813	10226379	36553114
P10150	P10150	Str151_HUMAN	Str151	Str151 protein homolog	1	132666407	35793279	0	144545100	16131941	188134360	30336749	35116168	220158955	17051121	9369162	22392608	62365641	0	0	84866056
P10151	P10151	Enz152_HUMAN	Enz152	Enz152 protein homolog	2	13465765	22324828	0	12558538	30524521	123697579	10109780	296325282	14151503	13527612	440387016	49282597	19831551	21657271	244234936	220394233
P10152	P10152	Met153_HUMAN	Met153	Met153 protein homolog	4	11740981	36507429	38417872	14105138	41800701	43178785	191093678	258190074	15767935	33165470	68576517	13257646	85279641	38388026	6885499	8005516
P10153	P10153	Enz154_HUMAN	Enz154	Enz154 protein homolog	2	254550562	25986288	389464828	33636068	54820289	794127004	5916341	0	164225770	11753985	35818305	0	73529103	7709967	25505242	71497003
P10154	P10154	Rec155_HUMAN	Rec155	Rec155 protein homolog	2	0	16581887	22662179	5760022	16265880	47883247	23275694	31549482	23072417	0	103788216	141531398	19525295	81955520	0	50926657
P10155	P10155	Sig156_HUMAN	Sig156	Sig156 protein homolog	1	235200821	60938681	0	54628061	158996970	23327141	125780960	19033116	3942463	0	0	0	140147752	0	4430097	8336697
P10156	P10156	Kin157_HUMAN	Kin157	Kin157 protein homolog	3	38442861	13938452	208222354	94816147	0	51354646	52740021	10057582	149026042	7899236	91212387	179568566	37841462	28683514	65057942	0
P10157	P10157	Trf158_HUMAN	Trf158	Trf158 protein homolog	2	52910886	27982470	35031440	106219186	33408156	6484789	33489225	30731016	29901431	21610853	139694095	6276230	46499995	133151291	0	0
P10158	P10158	Trf159_HUMAN	Trf159	Trf159 protein homolog	4	12031324	21853427	8525057	26345552	487578283	7088153	6759699	4660094	334498596	20179781	26186969	18499900	8361840	23705034	821509747	157258039
P10159	P10159	Str160_HUMAN	Str160	Str160 protein homolog	2	11461933	100623192	7299174	0	172733984	189675619	131191903	14376613	27080329	99892056	58898776	18727885	0	42902455	165158459	6650678
P10160	P10160	Met161_HUMAN	Met161	Met161 protein homolog	4	0	75337156	83367566	146708938	10998947	4491501	20697758	108291087	22357896	14133585	0	352500027	133406708	0	102997826	72508134
P10161	P10161	Sig162_HUMAN	Sig162	Sig162 protein homolog	4	24947625	24060952	30287332	1358700784	71591273	22597415	59295919	10188868	190959799	12211741	83593764	203861566	48704386	31788321	38326478	27258590
P10162	P10162	Rec163_HUMAN	Rec163	Rec163 protein homolog	4	14265526	21591417	233031556	19182654	8612986	16436405	0	80476551	54623915	33022346	116541433	11033740	24696436	105413752	105726418	12515573
P10163	P10163	Rec164_HUMAN	Rec164	Rec164 protein homolog	3	9300910	36758971	301902187	0	25039212	0	13794331	17645781	22416333	20555431	25267897	24691905	0	129316258	98300310	97252923
P10164	P10164	Rec165_HUMAN	Rec165	Rec165 protein homolog	3	0	50430125	89444105	6634468	0	24330537	335046584	407944758	0	975662905	10322513	133990891	194244619	5329185	73301423	0
P10165	P10165	Str166_HUMAN	Str166	Str166 protein homolog	2	85733821	53620605	170262024	38613298	22776316	174207616	50757902	108767682	13290339	7119555	14552823	13727811	130691463	254310572	34875260	216867752
P10166	P10166	Enz167_HUMAN	Enz167	Enz167 protein homolog	1	254991397	54087676	8858728	229276541	30429789	47277246	14987407	8412773	4934651	81384669	15205395	1739049945	12141996	4264181	44630552	276164593
P10167	P10167	Kin168_HUMAN	Kin168	Kin168 protein homolog	1	28985773	0	0	12594099	6357575	0	36942017	0	5169152	13037990	7461918	56087820	39364696	87489644	106258621	112732211
P10168	P10168	Enz169_HUMAN	Enz169	Enz169 protein homolog	2	44887836	52829803	67569770	32929644	22680090	21151306	9366341	62752998	20757566	9523459	10613922	6738802	130249734	46538749	8379327	115995681
P10169	P10169	Prot170_HUMAN	Prot170	Prot170 protein homolog	3	15067546	3924521	149755825	15718960	16701404	0	159205984	33414435	5841825	54368566	17398386	388956514	27097602	0	64149643	516745842
P10170	P10170	Prot171_HUMAN	Prot171	Prot171 protein homolog	1	267043201	377134726	9315640	72189419	14557107	31013092	4280870	12339740	20634338	165279936	117932373	53040909	0	22505099	10640042	94535359
P10171	P10171	Prot172_HUMAN	Prot172	Prot172 protein homolog	4	177446715	131586675	14111333	0	0	200569193	17667558	12626388	259314606	200578194	33211878	19473619	25334953	44520301	262864414	60358900
P10172	P10172	Str173_HUMAN	Str173	Str173 protein homolog	4	86644514	149457023	9228090	104165028	20598683	0	0	7470292	65565030	30315682	0	0	5365126	28699401	94682746	10534870
P10173	P10173	Sig174_HUMAN	Sig174	Sig174 protein homolog	1	22697819	0	277440511	17221490	486633761	41850347	162806620	29960330	30459278	15504701	47501989	56634811	0	27210291	21745014	856983554
P10174	P10174	Sig175_HUMAN	Sig175	Sig175 protein homolog	1	35500501	319763449	0	49166930	6475180	20964534	47460941	261798012	49455690	225310349	76501327	559062939	22449814	1125562699	14308869	11916316
P10175	P10175	Rec176_HUMAN	Rec176	Rec176 protein homolog	4	10695277	695434136	89894738	21038148	158937058	104621293	458356887	0	17617709	12136993	0	105312544	31627749	68060827	712462017	0
P10176	P10176	Sig177_HUMAN	Sig177	Sig177 protein homolog	1	16566722	28844880	201539021	12419328	13432266	139107096	65744706	0	5168005	251280514	55878107	13630130	20779881	51996331	79459242	5095698
P10177	P10177	Kin178_HUMAN	Kin178	Kin178 protein homolog	1	8216570	37398156	24359856	60589371	5598884	44911072	176101623	55992952	33789667	27072825	12965273	31754674	188436715	21118873	7706153	12999770
P10178	P10178	Met179_HUMAN	Met179	Met179 protein homolog	1	58169354	22324754	54969210	61597823	96925928	200824574	146854044	8655951	14781418	39178667	23570734	7962299	16659233	19681152	12295735	30398648
P10179	P10179	Trf180_HUMAN	Trf180	Trf180 protein homolog	3	186964032	46708578	1060237222	61033428	16658363	49459767	46064046	45794253	510650059	7374515	126467298	36062930	0	0	169139929	9670882
P10180	P10180	Met181_HUMAN	Met181	Met181 protein homolog	1	25273502	0	10007610	168647898	16635338	6352476	45713936	16709791	16011840	104408925	5498089	7836365	44869091	100891336	217286873	13306173
P10181	P10181	Kin182_HUMAN	Kin182	Kin182 protein homolog	1	84145405	11575451	297203261	8049493	200961420	19846111	0	61090033	5389593	13903961	0	211050098	30355916	43344397	90486346	38803853
P10182	P10182	Rec183_HUMAN	Rec183	Rec183 protein homolog	2	5546715	13684256	49596236	145230042	441769657	93031386	45454679	52607902	15192102	27708818	10929440	5464535	47273641	40184964	95848547	81707149
P10183	P10183	Sig184_HUMAN	Sig184	Sig184 protein homolog	3	44768451	88422769	31111433	53554885	12778683	42225053	88959840	9622514	0	9289616	15593608	9859146	189343000	168065220	115279590	561849564
P10184	P10184	Rec185_HUMAN	Rec185	Rec185 protein homolog	4	22014412	1969598264	24480651	41902073	17213272	69006421	132285229	20343992	332317917	42445175	55296983	12070041	0	25293153	13243691	12924652
P10185	P10185	Rec186_HUMAN	Rec186	Rec186 protein homolog	1	1182228487	22614690	4083904	7389579	32050294	68929861	94313591	85823905	10572807	50980819	6448607	11049200	10730647	6136651	177737326	57903841
P10186	P10186	Kin187_HUMAN	Kin187	Kin187 protein homolog	2	123556213	32097828	120159041	0	126876591	0	74142275	75009544	6873568	0	14622793	53699761	98390283	5144178	10761360	12160468
P10187	P10187	Rec188_HUMAN	Rec188	Rec188 protein homolog	3	20686762	5645530	4071422	9272118	41737374	6491070	26257000	143082342	7691365	22985217	125917851	13174363	15015557	193004157	26116446	158670130
P10188	P10188	Kin189_HUMAN	Kin189	Kin189 protein homolog	2	74187914	24286980	82235964	64205334	191498665	15145658	26959580	35371504	104756334	11228331	179367243	95984577	6149791	187871218	556841395	143462347
P10189	P10189	Enz190_HUMAN	Enz190	Enz190 protein homolog	3	216264035	39468429	0	0	46831141	17938406	5360369	31998583	101149749	6606704	20970140	386316022	0	112113218	0	71459834
P10190	P10190	Sig191_HUMAN	Sig191	Sig191 protein homolog	1	130542811	84239378	93903352	0	157495673	9546417	42739846	53313932	77322211	42317737	7969593	6298680	84482979	48649282	231081486	44162073
P10191	P10191	Sig192_HUMAN	Sig192	Sig192 protein homolog	3	5576904	148398597	0	33177186	12416717	391151152	9279941	27199447	38626595	7587317	50111439	281209027	15172365	61395753	0	38761016
P10192	P10192	Trf193_HUMAN	Trf193	Trf193 protein homolog	4	24904156	13559773	118821744	14991793	26213184	36345021	0	6225219	138906667	0	8725780	25632087	363408392	95566608	15575707	259721361
P10193	P10193	Enz194_HUMAN	Enz194	Enz194 protein homolog	3	10273423	95308966	5454940	97130310	17949018	10320816	28010044	61215564	19226709	119381774	13232115	86140256	56549384	37625157	17965962	59185279
P10194	P10194	Met195_HUMAN	Met195	Met195 protein homolog	3	64431493	783705436	139605709	128950451	2717733960	72440655	70742478	85295649	7160314	16913540	11722020	98104260	20386371	38843038	173375253	132197576
P10195	P10195	Prot196_HUMAN	Prot196	Prot196 protein homolog	1	18540314	13004029	0	99169090	4787061	18322970	27564700	116904663	105969742	34503749	73078381	47369036	10138359	37967719	28941129	32563326
P10196	P10196	Enz197_HUMAN	Enz197	Enz197 protein homolog	4	0	19507376	35278526	16666084	42888885	59541060	6784198	4296189	30197732	122326342	271194380	103742311	0	29328034	34086858	36319017
P10197	P10197	Prot198_HUMAN	Prot198	Prot198 protein homolog	3	70819761	10323322	34776412	82413123	122509108	12556935	16103444	0	11996884	23277502	12431434	46963000	38482870	0	43439832	11651411
P10198	P10198	Enz199_HUMAN	Enz199	Enz199 protein homolog	3	79736171	4403992	32907120	13372479	55658613	26961473	29800124	5100731	3922315	16645269	31707276	15184295	62886457	25933362	6259512	15597682
P10199	P10199	Met200_HUMAN	Met200	Met200 protein homolog	1	0	50381699	479996545	11597649	44854524	62633422	34094096	17464643	4825873	18630151	8302995	0	7619463	5419627	74191751	74095444
P10200	P10200	Enz201_HUMAN	Enz201	Enz201 protein homolog	3	10812406	23490072	0	13050859	58209061	79671409	13532857	97589609	4412329	4384693	82865336	409906823	69720422	22534266	0	0
P10201	P10201	Met202_HUMAN	Met202	Met202 protein homolog	3	28223459	20931518	8138994	40271250	44615781	123956482	0	147370032	30961331	21726094	123084573	8804418	1620231797	106770167	43002578	67700461
P10202	P10202	Rec203_HUMAN	Rec203	Rec203 protein homolog	3	336761814	92868053	0	279913296	19050253	37409834	5208356	52002891	11876617	35609485	22981183	543501881	498888318	33960949	25636775	22369573
P10203	P10203	Sig204_HUMAN	Sig204	Sig204 protein homolog	1	134519792	24842331	24601747	125300003	0	31732994	4028996	83410443	439876215	102532810	282342646	9662123	33010661	9979897	20860505	102335061
P10204	P10204	Rec205_HUMAN	Rec205	Rec205 protein homolog	1	39875199	0	5512465	5503934	75713693	601087091	147052969	0	0	95686034	0	0	176486192	65024414	0	53895230
P10205	P10205	Enz206_HUMAN	Enz206	Enz206 protein homolog	2	0	16038617	134841748	47099603	25774937	120885808	113488814	196995497	124423764	108555330	82281648	65342812	30563469	20666247	6266469	9465974
P10206	P10206	Str207_HUMAN	Str207	Str207 protein homolog	3	19930434	47650685	280613087	47612633	131371698	0	33446272	68264428	18177343	220980906	101333726	6944053	41137323	243898612	25784972	80661479
P10207	P10207	Met208_HUMAN	Met208	Met208 protein homolog	2	55328617	7577707	62839592	4203088	14841449	0	60204193	17956482	44248552	32603692	0	0	18114195	0	17899678	4193152
P10208	P10208	Enz209_HUMAN	Enz209	Enz209 protein homolog	3	11226261	345454188	53133825	6988603	3966496	29497800	212225537	29616816	194591788	60201462	67717952	5468978	121917651	24839208	106517641	8019610
P10209	P10209	Str210_HUMAN	Str210	Str210 protein homolog	4	48275416	46197269	20578789	47532712	24600862	13373973	199409908	132627890	14902384	67178670	11578935	8066593	165960614	3908885	68137503	33896013
P10210	P10210	Enz211_HUMAN	Enz211	Enz211 protein homolog	4	28566618	98795730	63828606	7395818	90889906	37079780	6738469	33155147	223603849	326153796	101121383	6108617	61719334	135419690	119244652	124804823
P10211	P10211	Sig212_HUMAN	Sig212	Sig212 protein homolog	3	53612171	19449619	13998832	0	52302117	37771072	72372071	4232650	62867808	746671090	30578259	30807298	62804263	679060694	9577109	47363547
P10212	P10212	Str213_HUMAN	Str213	Str213 protein homolog	3	12873367	20913294	34219756	148252971	365025304	72184978	17473699	1488806976	18307571	15473570	0	223752439	133232822	1155081992	0	238721318
P10213	P10213	Rec214_HUMAN	Rec214	Rec214 protein homolog	1	43939558	103990786	4636632	185055995	70251854	37310694	98250917	11153818	16332452	20607595	0	95663316	182093613	15316022	42667047	22284461
P10214	P10214	Sig215_HUMAN	Sig215	Sig215 protein homolog	1	50272877	15334026	9842137	128784586	39815547	494858444	33670714	6675269	158487518	89564467	98248109	198018016	15222501	43418531	22645839	4003082
P10215	P10215	Enz216_HUMAN	Enz216	Enz216 protein homolog	3	18714508	184835081	38075987	5294179	5036945	464611569	32878805	21347462	21311141	0	300365467	13275987	190907977	40162259	238324083	46031022
P10216	P10216	Prot217_HUMAN	Prot217	Prot217 protein homolog	4	0	90721765	98095313	54579631	20444802	368377024	8065025	36624745	36791073	49630696	11682347	56647008	22030556	4320640	29054769	5941925
P10217	P10217	Prot218_HUMAN	Prot218	Prot218 protein homolog	1	0	66233437	77113263	0	79364851	0	4026972	307021450	0	107510167	14049060	38540715	10101138	69827516	58879651	18523395
P10218	P10218	Rec219_HUMAN	Rec219	Rec219 protein homolog	3	6958099	33743989	8322895	59812220	887978596	179954931	69641037	28994227	0	4832914	233476109	11412634	0	24760563	14499553	5447322
P10219	P10219	Met220_HUMAN	Met220	Met220 protein homolog	2	25928813	7876105	11496414	7945778	73594227	16365535	27091883	57958473	25456535	25871396	104007477	67716099	26523315	0	9473449	8769978
P10220	P10220	Kin221_HUMAN	Kin221	Kin221 protein homolog	1	0	56176654	100693176	54001736	28997061	81642228	103831102	140157781	20752909	173661179	40726303	92929700	64112123	62970643	13509177	87200605
P10221	P10221	Rec222_HUMAN	Rec222	Rec222 protein homolog	2	2044323739	15730483	25229219	19794286	13839194	281645842	13532697	18311858	4515179	13956163	0	73487972	1663671063	17829702	0	0
P10222	P10222	Sig223_HUMAN	Sig223	Sig223 protein homolog	2	12721866	223200863	19599285	17277494	30709179	112531939	25599745	20897218	33180731	6103559	56811493	0	15021437	82814630	50511426	52953915
P10223	P10223	Kin224_HUMAN	Kin224	Kin224 protein homolog	4	36418981	139010459	109621161	59578899	122387213	88412751	0	5143481	54759842	60911872	190522502	5915364	9150526	57582643	33168339	0
P10224	P10224	Sig225_HUMAN	Sig225	Sig225 protein homolog	4	50868905	0	11305402	234176040	329273592	5621190	25553761	27731312	389989644	16911789	0	503067466	18316014	100271263	0	29533702
P10225	P10225	Enz226_HUMAN	Enz226	Enz226 protein homolog	4	4029145	6874118	106184074	25992738	16993354	14743128	22022693	30836648	189213431	0	10063060	0	28407157	56735622	37662584	15651679
P10226	P10226	Str227_HUMAN	Str227	Str227 protein homolog	1	15614442	25745910	175773497	11004618	30886303	29526794	321167788	22883513	191094574	185417567	25248435	24791549	19862621	25762443	110276285	35566999
P10227	P10227	Trf228_HUMAN	Trf228	Trf228 protein homolog	4	33089185	7448019	11699586	665885098	31055334	14150000	257899884	41865823	77888244	35616137	24084822	30990030	4482150	28479866	49346620	431721310
P10228	P10228	Trf229_HUMAN	Trf229	Trf229 protein homolog	3	48195183	0	29643051	1472029413	83848528	12537551	65494161	11137046	7544634	25539967	42927504	0	6591966	0	22513763	49631666
P10229	P10229	Kin230_HUMAN	Kin230	Kin230 protein homolog	1	4655912	101596742	6427031	243068407	0	0	66827616	369497296	45760734	83517157	30998654	7391001	15226086	7911242	5377142	77905983
P10230	P10230	Rec231_HUMAN	Rec231	Rec231 protein homolog	3	10246937	44815432	0	62880916	15872689	196966514	46503061	170727668	0	37496693	11245973	20958840	21878679	11310633	6992984	5608148
P10231	P10231	Str232_HUMAN	Str232	Str232 protein homolog	1	0	7347619	83054186	4131445	4649244	317309424	11741607	49804797	93813774	109226335	0	21512578	0	1175845062	0	7179240
P10232	P10232	Prot233_HUMAN	Prot233	Prot233 protein homolog	2	5911941	4659362	0	0	16439325	6800702	0	20080400	28078156	13818907	52422278	63088418	0	20135814	8661729	107545145
P10233	P10233	Str234_HUMAN	Str234	Str234 protein homolog	4	42775578	89853636	131603663	4339493	3927137	11365204	9223019	106970875	0	183304599	59853480	39776354	152797847	70081248	0	196268651
P10234	P10234	Rec235_HUMAN	Rec235	Rec235 protein homolog	4	46946368	19913400	14625568	66421820	179559719	27044500	167920658	0	44901600	32700768	10388606	624936148	21401461	17053913	30489683	0
P10235	P10235	Sig236_HUMAN	Sig236	Sig236 protein homolog	2	7295669	0	17374019	14903026	139020021	0	57525998	18403562	18681748	15614456	8526430	7688246	19837203	7967765	4173078	38908063
P10236	P10236	Sig237_HUMAN	Sig237	Sig237 protein homolog	1	34931870	312325912	20935035	57701579	54804294	19264118	113809237	74109255	38137455	20958824	30690462	7476131	9995126	12313394	5022408	62756308
P10237	P10237	Rec238_HUMAN	Rec238	Rec238 protein homolog	3	182315194	11229123	60068076	7679341	24682137	11139253	86422525	11783412	0	25822204	13831302	6965287	34385316	93015121	46335821	553759505
P10238	P10238	Enz239_HUMAN	Enz239	Enz239 protein homolog	1	223781502	20265962	0	66283826	13007050	179957255	49554092	49229947	101207098	468567017	41373901	20366095	190088836	119893403	13224133	49089265
P10239	P10239	Sig240_HUMAN	Sig240	Sig240 protein homolog	4	49806883	48548580	4062414	4896999	7778868	7127946	11720803	82829853	30207028	56454720	0	17696340	93643265	66580899	8415354	36514988
P10240	P10240	Kin241_HUMAN	Kin241	Kin241 protein homolog	2	598102518	28713144	10514039	23960295	43374968	38872333	22441824	0	7494003	31988546	25570549	13166683	30472250	44550762	114692747	24677805
P10241	P10241	Trf242_HUMAN	Trf242	Trf242 protein homolog	1	61722376	15087170	70537517	50779418	135069713	95030349	94131973	38652624	51840370	131918780	16869907	15469077	74146390	63647047	12376443	32134106
P10242	P10242	Prot243_HUMAN	Prot243	Prot243 protein homolog	1	0	0	26309585	30067822	34158244	254745905	5648892	9994470	0	24335023	17325105	20233993	165049089	117848209	36476882	17040144
P10243	P10243	Sig244_HUMAN	Sig244	Sig244 protein homolog	2	113791591	46768178	11050805	3927236	24272899	87697547	860219210	36889935	9129629	6245672	81492376	0	67259617	100555249	95302961	16899321
P10244	P10244	Sig245_HUMAN	Sig245	Sig245 protein homolog	3	81504382	40344677	9986556	411826644	23674885	114348458	0	247141861	334673107	41441714	64988645	80660713	15269961	60463249	7891714	9474730
P10245	P10245	Prot246_HUMAN	Prot246	Prot246 protein homolog	4	162384977	137869423	9856981	15085477	14151702	122662151	9060700	44077076	103940162	34130123	121454467	16304329	0	7030784	173531339	10653366
P10246	P10246	Str247_HUMAN	Str247	Str247 protein homolog	3	77997468	19542616	8018342	19414234	189635415	42932141	7616984	44445261	28831823	3078256540	48684427	22038895	229756067	0	47377407	620103623
P10247	P10247	Rec248_HUMAN	Rec248	Rec248 protein homolog	3	23001829	0	15900697	282292983	59848471	12361175	12126579	0	67018205	191180178	150044005	0	4705013	6567686	60549918	6155347
P10248	P10248	Str249_HUMAN	Str249	Str249 protein homolog	2	15115863	45535342	6689215	11653317	0	77548662	182095127	67000102	0	12282484	5587380	15033888	77232502	59651035	0	11559435
P10249	P10249	Prot250_HUMAN	Prot250	Prot250 protein homolog	4	201092873	43974173	4191566	0	42384134	65811903	48996031	16304217	0	643595723	93331722	116219937	97494470	9413550	171334987	8838766
P10250	P10250	Kin251_HUMAN	Kin251	Kin251 protein homolog	4	52891380	0	0	59118192	13716115	0	74343572	587950330	225652888	28112080	41586973	153636483	173689236	0	33380260	35487389
P10251	P10251	Rec252_HUMAN	Rec252	Rec252 protein homolog	3	95544742	26095136	31560104	261704522	138513058	53677614	501725878	20860047	282127332	69337226	3919230602	0	9513105	84232918	71147637	485378644
P10252	P10252	Kin253_HUMAN	Kin253	Kin253 protein homolog	4	10368715	146470981	185629950	65816964	8437498	0	185083415	66028148	36116290	66361617	0	109306352	36889970	13431860	6573911	12236645
P10253	P10253	Enz254_HUMAN	Enz254	Enz254 protein homolog	2	48463005	43089182	48327482	58990231	14251202	180621748	0	21871494	60580464	0	0	174814390	0	235895105	302650999	21409583
P10254	P10254	Sig255_HUMAN	Sig255	Sig255 protein homolog	2	52862531	121175727	21431376	67197826	11714780	17389034	9401101	49118651	244922619	32704397	4993961	6784054	44462867	500824869	0	13038431
P10255	P10255	Kin256_HUMAN	Kin256	Kin256 protein homolog	4	99115201	26375523	24264971	8751357	218808924	0	0	20489460	16981453	0	9211783	11873495	21783451	52514146	23586032	0
P10256	P10256	Sig257_HUMAN	Sig257	Sig257 protein homolog	2	11733096	271776837	37006628	77104124	26080774	13778692	401335511	37897457	15895108	0	9975134	18092315	43043846	30020176	30842548	0
P10257	P10257	Prot258_HUMAN	Prot258	Prot258 protein homolog	4	59933228	0	54763154	31717080	0	50677856	36428959	32243287	0	17409964	7436564	2398494248	14663615	49018678	4600986	32262651
P10258	P10258	Kin259_HUMAN	Kin259	Kin259 protein homolog	4	7773612	16598041	148611292	62934523	58409489	0	276793305	0	271727828	224036234	108543593	8368635	42712371	12881375	26591213	18499894
P10259	P10259	Trf260_HUMAN	Trf260	Trf260 protein homolog	4	0	152986638	31603834	19668234	14387187	55569107	7742368	0	43201195	78870384	23716108	4630890	37462514	0	11408869	10507802
P10260	P10260	Str261_HUMAN	Str261	Str261 protein homolog	2	124565554	25455375	14786616	512223842	61367240	54989501	21665988	11133222	0	116167543	67176569	31693082	31880902	100102616	4443356	17091321
P10261	P10261	Kin262_HUMAN	Kin262	Kin262 protein homolog	2	9477299	388355687	0	0	0	21158417	19313263	5126093	386868024	57427658	87269400	9160832	112960707	11683864	20845428	114769073
P10262	P10262	Enz263_HUMAN	Enz263	Enz263 protein homolog	2	0	312880658	50635234	138657110	7669966	9456885	9871896	36715173	33964041	14531392	6634416	7328204	31547615	15677109	11646815	254874332
P10263	P10263	Met264_HUMAN	Met264	Met264 protein homolog	3	27126652	150037955	0	43720014	26540807	0	255481477	24780442	91647754	18532185	41495202	8103244	153926106	41453704	69534384	202986635
P10264	P10264	Met265_HUMAN	Met265	Met265 protein homolog	3	175219107	146850737	4664871	14814600	9297103	81404328	52983962	4091121	34128543	0	28221605	0	57632415	51851987	285020889	103549609
P10265	P10265	Trf266_HUMAN	Trf266	Trf266 protein homolog	2	16797919	122919922	5278023	7627419	48407251	0	43408234	6874302	33246195	5956163	44394709	0	243881119	44223124	14355866	39227533
P10266	P10266	Rec267_HUMAN	Rec267	Rec267 protein homolog	1	5125869	55813687	58003337	1189217558	14523524	26505542	11918882	48440440	59440419	32075331	131243620	18268291	201672673	56193210	0	11919097
P10267	P10267	Enz268_HUMAN	Enz268	Enz268 protein homolog	2	1114630586	7327737	45468880	9025994	381354649	136591339	8904519	63372169	43105864	22776852	105003104	45063175	41025259	43756434	70759404	38100465
P10268	P10268	Trf269_HUMAN	Trf269	Trf269 protein homolog	4	34451548	13139758	313988809	5481337	52725075	28734454	355371117	9385868	12467174	13873286	52637678	6278908	15262510	0	46949567	0
P10269	P10269	Trf270_HUMAN	Trf270	Trf270 protein homolog	4	4087454	181781997	4636346	101289830	14712493	260336605	119110488	8422221	9092831	51163302	21579528	28665114	281406659	13374568	48130644	98016698
P10270	P10270	Enz271_HUMAN	Enz271	Enz271 protein homolog	1	100330724	34665532	18691359	0	9037581	55237149	25885212	30324186	205010279	7378583	25960669	40001950	12741586	252615760	128494940	58444694
P10271	P10271	Prot272_HUMAN	Prot272	Prot272 protein homolog	4	343021104	0	33783880	38771917	8828834	45794535	8015491	131993692	97054538	78539893	0	9442618	54697454	42514709	0	185548428
P10272	P10272	Kin273_HUMAN	Kin273	Kin273 protein homolog	1	27105785	10946677	158912755	12487976	16493057	69792750	346852803	443915091	55770987	64361512	102616837	5959778	47428689	11669190	39293087	34329974
P10273	P10273	Met274_HUMAN	Met274	Met274 protein homolog	3	93485647	47183805	0	34867484	71281857	93253159	25204340	200307996	64010085	84093883	201575979	68837453	12405017	0	11245695	0
P10274	P10274	Rec275_HUMAN	Rec275	Rec275 protein homolog	1	0	99058382	39715684	163747396	18094463	94033677	99906419	268884174	0	14493734	124347707	412462497	0	24627326	107215883	124855774
P10275	P10275	Rec276_HUMAN	Rec276	Rec276 protein homolog	4	28679607	81000085	164214857	530534043	95598194	31277962	32934444	83556166	29901881	36336764	7030419	184282287	5797089	19674700	0	649984034
P10276	P10276	Rec277_HUMAN	Rec277	Rec277 protein homolog	4	15624940	11819984	21603129	323333012	0	8058013	1872718181	97122804	9128791	31835527	30730722	161819969	513538322	52292679	21347577	89382323
P10277	P10277	Str278_HUMAN	Str278	Str278 protein homolog	2	17090670	10892338	0	4325005	11393967	11292747	44391579	8570567	0	6097418	17014772	14502923	221292957	15295108	138872885	34342577
P10278	P10278	Prot279_HUMAN	Prot279	Prot279 protein homolog	3	28271347	10218625	30899318	12154643	0	25590103	6766297	118072058	62766319	22777591	53771561	43206965	10356279	43363720	10483651	9900684
P10279	P10279	Prot280_HUMAN	Prot280	Prot280 protein homolog	4	0	20146467	138268073	13643850	923331470	124684596	183796965	82750390	677982037	14069226	0	16663657	68196780	57052173	52394733	110309244
P10280	P10280	Enz281_HUMAN	Enz281	Enz281 protein homolog	1	94276620	105505616	9796841	9212881	0	45076609	12949783	10979221	14462599	16912262	4951257	0	33007648	13411569	142971326	46612385
P10281	P10281	Rec282_HUMAN	Rec282	Rec282 protein homolog	3	47821003	8634419	25361577	58062872	94864361	37479912	219563838	46467659	121812753	16496712	0	48857662	103590880	88383639	68580688	20180707
P10282	P10282	Sig283_HUMAN	Sig283	Sig283 protein homolog	2	12915195	93711209	72775168	15316654	131336599	8255926	12969216	342130856	124632492	15221652	45004405	43743645	0	10451620	29334158	17608283
P10283	P10283	Rec284_HUMAN	Rec284	Rec284 protein homolog	3	47788718	0	18010935	7363226	58018386	18208721	19146083	16267400	688203668	0	18219949	47194153	8530125	110148164	161415818	34186651
P10284	P10284	Rec285_HUMAN	Rec285	Rec285 protein homolog	3	21358922	27808479	31727608	42826057	23153801	40674338	71566520	6228306	5837689	0	92323191	0	60818888	5022877	285451152	14827276
P10285	P10285	Met286_HUMAN	Met286	Met286 protein homolog	3	32988584	100392396	13527587	19099130	41881790	3427783211	42111095	396374034	129784598	53123366	6433942	153822360	4254536	289592863	55563252	0
P10286	P10286	Kin287_HUMAN	Kin287	Kin287 protein homolog	3	0	98530164	17745942	77381605	10443557	6257180	40840028	33516482	19383019	153408532	11057948	48692490	34827661	0	6045490	30339687
P10287	P10287	Trf288_HUMAN	Trf288	Trf288 protein homolog	3	445469856	81939563	0	0	72965661	37712788	0	8807794	53976879	95814136	16595379	18966655	31830655	65119552	26662055	101849069
P10288	P10288	Trf289_HUMAN	Trf289	Trf289 protein homolog	1	17910728	5671070	386395685	16996271	17886033	37510732	39199419	22411833	51591854	29825005	34400619	0	655697336	39519450	61918419	4269397
P10289	P10289	Rec290_HUMAN	Rec290	Rec290 protein homolog	4	16327518	17042637	196950367	9895813	150627956	14533421	19691724	22876577	219162500	0	4546726	0	4633684	10228169	0	11387103
P10290	P10290	Str291_HUMAN	Str291	Str291 protein homolog	1	0	6651530	121319081	60507064	40880178	6277933	4041866	6505384	28714441	71393287	135110549	62238735	12229544	29345157	19823343	32261456
P10291	P10291	Enz292_HUMAN	Enz292	Enz292 protein homolog	2	631295949	0	25959549	195465789	0	12867671	15378914	31755870	0	80922074	88569200	86371571	9764599	44935666	6765006	15126772
P10292	P10292	Met293_HUMAN	Met293	Met293 protein homolog	3	413104790	45117576	7440906	51917549	4474203	5662135	7726798	0	174915928	88240580	74219583	0	15022468	45102990	13671359	18611007
P10293	P10293	Enz294_HUMAN	Enz294	Enz294 protein homolog	4	59658095	16400451	56809210	341796676	35594502	122643095	108209297	0	5675175	9285587	13464397	31028541	74779491	162124693	38639407	22893410
P10294	P10294	Trf295_HUMAN	Trf295	Trf295 protein homolog	3	0	49021600	37766030	24961940	480215162	206369494	92260305	7871423	13099809	35828086	12592344	74528372	48240349	7699165	133503649	37637625
P10295	P10295	Trf296_HUMAN	Trf296	Trf296 protein homolog	1	0	22553991	46338864	211798945	14452585	81641669	45498524	7830742	0	184080593	164178188	47211401	271442004	126602695	100633699	6792425
P10296	P10296	Str297_HUMAN	Str297	Str297 protein homolog	2	445192365	71151792	18795789	9441368	39071978	4245424	84753337	9479489	46714160	16183753	0	11996788	28983598	492293520	189686768	51083095
P10297	P10297	Rec298_HUMAN	Rec298	Rec298 protein homolog	1	36227193	103493943	0	15777918	24731142	0	125212210	673210688	43442717	0	60588387	6360424	11771273	89229559	38166929	17403414
P10298	P10298	Enz299_HUMAN	Enz299	Enz299 protein homolog	3	10030288	38052968	14984376	7093821	19066673	41947322	22856973	3893768	100592801	0	16768115	8984055	36197168	88411893	136575363	17064720
P10299	P10299	Prot300_HUMAN	Prot300	Prot300 protein homolog	3	63320357	48877230	3880773	513624472	0	49339986	73484731	41594519	20706052	96593306	3972721	22958264	13531049	10937746	63717020	152360782
P10300	P10300	Enz301_HUMAN	Enz301	Enz301 protein homolog	3	22954655	89426893	29627063	10110523	18943756	27722518	12473158	56789675	51139866	0	0	48481800	13502654	51900590	69832380	6199532
P10301	P10301	Str302_HUMAN	Str302	Str302 protein homolog	4	4220983	285025030	43055068	23101729	6108850	13893037	6603929	158546772	0	128150315	26464374	5959511	19635999	0	23630194	30642688
P10302	P10302	Prot303_HUMAN	Prot303	Prot303 protein homolog	3	94598793	0	114585883	112215087	174718256	39612938	135582848	5659647	100204979	11218853	4005350	8330297	37299042	6644416	46071745	0
P10303	P10303	Met304_HUMAN	Met304	Met304 protein homolog	4	0	270211383	136047580	6737026	22067673	122511364	92426661	34437164	129828417	9902081	0	31121926	20183933	26224849	41874966	29070003
P10304	P10304	Trf305_HUMAN	Trf305	Trf305 protein homolog	4	6081810	129739523	8698082	17966597	0	0	0	75396621	10443972	150397195	15706580	44589041	450677160	22061860	207779254	33715174
P10305	P10305	Kin306_HUMAN	Kin306	Kin306 protein homolog	2	64862601	39193243	111500877	23059798	10365171	11056037	41611743	20955729	98554948	0	6889603	13029466	5638272	621655162	61138346	70530806
P10306	P10306	Enz307_HUMAN	Enz307	Enz307 protein homolog	2	5425527	0	80495037	29250306	147125955	807330658	0	8101170	10095392	343960127	139468952	23446061	38185167	10731037	169032947	23346952
P10307	P10307	Trf308_HUMAN	Trf308	Trf308 protein homolog	1	20672395	90806838	27565680	31808211	30531902	105109197	322172487	76476665	85006437	0	13720156	108531572	42456258	4285971	25090694	25358123
P10308	P10308	Enz309_HUMAN	Enz309	Enz309 protein homolog	2	20720846	327818898	84758912	243498345	0	38424735	0	30363117	45081829	5689212	13193080	31706974	60741359	50664409	12611939	87578553
P10309	P10309	Prot310_HUMAN	Prot310	Prot310 protein homolog	3	38101319	0	22546318	192857754	0	42006083	338007820	13623355	28845016	6408499	433677494	28637912	33537675	242190128	73338098	7579635
P10310	P10310	Sig311_HUMAN	Sig311	Sig311 protein homolog	3	17365972	60674090	14179393	0	40644163	5147810	299990514	33545271	8901215	14342378	0	7475847	143468227	866852421	91055022	32432096
P10311	P10311	Sig312_HUMAN	Sig312	Sig312 protein homolog	4	15016086	15153666	549816134	26946237	708994560	0	0	13317295	10974853	32906838	21902693	3075749200	8888050	52640745	54965492	28394287
P10312	P10312	Prot313_HUMAN	Prot313	Prot313 protein homolog	3	52186188	18689888	49860020	84583974	58937945	62016666	292481072	97816254	28796969	5073058	17890696	24453090	48616715	17233510	7256380	0
P10313	P10313	Enz314_HUMAN	Enz314	Enz314 protein homolog	4	0	0	3939022	6694554	0	6041421	43406646	88027844	23045215	14930058	77240324	12747105	14229665	187411859	104504283	78333671
P10314	P10314	Kin315_HUMAN	Kin315	Kin315 protein homolog	3	123137950	0	166614377	74826751	170062857	46189668	33732407	21860997	43888301	14773059	97208181	0	11736332	592705344	17940241	28714326
P10315	P10315	Sig316_HUMAN	Sig316	Sig316 protein homolog	4	9614846	36453849	14031646	26743700	118888868	19050215	84343803	57697835	0	0	3017268470	112424135	39186137	9254787	22635021	0
P10316	P10316	Sig317_HUMAN	Sig317	Sig317 protein homolog	4	329485826	228643210	85114505	6216264	66511773	0	4430679	46048751	55904447	100850301	61576221	0	6473183	26589506	4238864	0
P10317	P10317	Sig318_HUMAN	Sig318	Sig318 protein homolog	2	117125200	11078059	107118660	184760832	20720835	101920689	13042258	0	40198395	18010714	15285045	630387800	4224264	56521068	6486648	119729936
P10318	P10318	Met319_HUMAN	Met319	Met319 protein homolog	4	34233341	50304840	8054097	12323619	179381519	440073019	88252649	11059035	67828727	1428726174	33214148	215714869	13817416	31628556	82921136	55272424
P10319	P10319	Str320_HUMAN	Str320	Str320 protein homolog	4	10244491	15301762	0	0	304434285	294594851	34022946	18990760	245535623	83543719	0	5912900	107639616	26634804	35884074	132634337
P10320	P10320	Enz321_HUMAN	Enz321	Enz321 protein homolog	2	83906898	315606547	0	50521353	68325741	0	11853258	8524810	34834870	187888196	518774478	10649909	52482442	99732565	50750335	55528073
P10321	P10321	Prot322_HUMAN	Prot322	Prot322 protein homolog	1	45199994	342296287	203066393	12906522	118075460	144966557	74197272	169594020	60365600	52240152	40902262	0	20552037	14119000	4699187	174718341
P10322	P10322	Trf323_HUMAN	Trf323	Trf323 protein homolog	1	70263818	25537505	15313058	52067129	137779601	8835203	40179268	109728452	0	24156843	17831429	35016429	20481189	34403724	431141735	17435797
P10323	P10323	Met324_HUMAN	Met324	Met324 protein homolog	4	43862908	398435947	15209992	473665126	28711595	389381895	90678219	63963801	26977645	12534075	31259183	91894173	36782918	21034018	23972514	173137809
P10324	P10324	Met325_HUMAN	Met325	Met325 protein homolog	2	241918712	0	15195856	59501055	253355310	175912861	4131919	31539156	10279566	19344440	274683864	0	0	9623112	37936627	93244824
P10325	P10325	Kin326_HUMAN	Kin326	Kin326 protein homolog	3	80246549	170259807	0	190758018	21680845	73862300	4677628	31766054	49024429	166887781	3893406	25501109	8559497	67670178	167576637	184372746
P10326	P10326	Kin327_HUMAN	Kin327	Kin327 protein homolog	2	17093904	218524336	230474303	0	63869032	174119485	0	6844857	112382714	6116103	19488469	41965197	85400247	10933181	16854608	34655714
P10327	P10327	Prot328_HUMAN	Prot328	Prot328 protein homolog	2	145169500	952619550	4581053	32902488	8597804	134911525	8530520	12874214	10606522	31421601	39547352	61823451	34386626	6638514	77607263	42165475
P10328	P10328	Kin329_HUMAN	Kin329	Kin329 protein homolog	2	204499993	11504536	0	23706891	214058744	35980179	32647460	8717293	0	8452125	10642969	74082702	0	201241154	81747743	121805678
P10329	P10329	Trf330_HUMAN	Trf330	Trf330 protein homolog	3	51152603	29115908	7945364	33269995	9847121	63125782	127266505	244596420	59142111	113318320	24465371	15988140	91141783	29871432	58444059	10617969
P10330	P10330	Trf331_HUMAN	Trf331	Trf331 protein homolog	1	0	60247802	0	8630764	81583066	11394924	43620043	374437140	134149903	126749161	495880275	10613095	8684482	19104800	21914789	0
P10331	P10331	Enz332_HUMAN	Enz332	Enz332 protein homolog	4	31685833	20131681	0	51798011	13145221	77132124	115045723	9782014	21248400	0	12000055	12809493	36445990	0	15352307	4225693
P10332	P10332	Enz333_HUMAN	Enz333	Enz333 protein homolog	2	40462200	57399749	42091787	0	0	13216039	20069000	19574989	34179823	237841235	87876440	8554246	86983092	67600460	0	114929000
P10333	P10333	Str334_HUMAN	Str334	Str334 protein homolog	1	25952744	7861685	61249500	42771704	22414466	26032527	14281045	67781438	28073668	37788010	44856098	4704153	8821251	0	76479961	8646905
P10334	P10334	Rec335_HUMAN	Rec335	Rec335 protein homolog	1	47139277	62578593	114399093	6195642	31060968	339096702	498067273	131948598	46816153	9412130	76680972	30115419	79541742	13416381	29698304	30918301
P10335	P10335	Str336_HUMAN	Str336	Str336 protein homolog	1	48836105	60423893	27260129	5383744	281908642	794249930	81849103	4977555	0	72885318	246522976	7124733	28358138	45508136	116743584	0
P10336	P10336	Met337_HUMAN	Met337	Met337 protein homolog	2	4193827	99675178	161450468	25249930	57108124	20330632	0	96139482	69498308	90836831	206944732	7938599	14365291	39562154	16352782	75942912
P10337	P10337	Enz338_HUMAN	Enz338	Enz338 protein homolog	3	20555716	7961225	35663146	33621738	144476381	53056034	58249708	55476791	25164428	14797035	41243114	15812196	327452174	0	62331214	42489640
P10338	P10338	Kin339_HUMAN	Kin339	Kin339 protein homolog	4	30850087	4989342	18383422	47203891	40442659	81710390	121064583	13666301	12456529	144366892	77137402	19016458	31198998	20057937	34667194	51166171
P10339	P10339	Met340_HUMAN	Met340	Met340 protein homolog	4	1183466351	43475307	98133799	4043276	0	220430418	54491506	0	66295181	429475935	0	322470454	0	141732314	21497053	0
P10340	P10340	Sig341_HUMAN	Sig341	Sig341 protein homolog	2	59695066	214358108	36407088	79619905	16865796	0	0	409509641	128882326	0	3957508	11512178	4529242	36808168	0	4724620
P10341	P10341	Enz342_HUMAN	Enz342	Enz342 protein homolog	3	169602216	108717540	8454932	26767127	0	20381792	30806739	40108534	63639125	37074977	29781626	49317351	110813369	37135840	37793911	0
P10342	P10342	Trf343_HUMAN	Trf343	Trf343 protein homolog	2	12154436	108186250	13477428	36611771	30918483	24204899	25060983	26633153	0	59326238	38428384	152744875	14876348	404992536	18174419	7687559
P10343	P10343	Trf344_HUMAN	Trf344	Trf344 protein homolog	1	7682391	0	326940478	207093679	59288647	6940897	431685767	20919563	20593054	223280376	90685417	947381430	0	19712525	17536668	0
P10344	P10344	Met345_HUMAN	Met345	Met345 protein homolog	3	22730385	162716802	58595225	35743204	8503318	51578672	106742648	61089861	56353057	17121842	145697654	0	62658514	1070546257	4398022	20449979
P10345	P10345	Enz346_HUMAN	Enz346	Enz346 protein homolog	3	23240471	16448802	164046468	68580826	45064408	105997148	37356595	3076371327	39089815	44751458	4501709	16269974	166105478	5382897	0	32054512
P10346	P10346	Met347_HUMAN	Met347	Met347 protein homolog	4	234350490	32032829	20428731	0	64237472	94762222	0	106520167	109663069	165320115	61287127	97530254	51637443	139005519	0	0
P10347	P10347	Met348_HUMAN	Met348	Met348 protein homolog	1	12552601	25757726	51185046	45144458	153753806	149071992	6805278	60850787	9845476	22197985	41455369	0	0	75659271	13013437	435203106
P10348	P10348	Kin349_HUMAN	Kin349	Kin349 protein homolog	3	16478365	35441662	17110897	348015746	24637505	40507560	214158045	53442729	31078707	128353443	909917943	55007475	35221297	33005731	271832734	17704728
P10349	P10349	Kin350_HUMAN	Kin350	Kin350 protein homolog	2	15264458	0	7355038	15426825	42421679	443103220	75074793	7661971	13547009	173068530	209851576	38090856	15304980	188667266	13493892	55223372
P10350	P10350	Trf351_HUMAN	Trf351	Trf351 protein homolog	2	878484711	40774463	11654523	43321114	17487536	4901668	128908431	108804868	20568334	25999198	8413868	0	12939562	6804949	316270012	56206009
P10351	P10351	Prot352_HUMAN	Prot352	Prot352 protein homolog	1	60397424	117022506	82951916	17128586	44566107	22878505	55207868	43209522	20096060	6634919	42208024	22268713	0	44279442	124266604	1027582186
P10352	P10352	Enz353_HUMAN	Enz353	Enz353 protein homolog	1	16066661	13598523	6618567	55079850	55741731	8984269	23639841	0	143414648	11882157	32603516	5190679	13221374	30240604	0	54611115
P10353	P10353	Rec354_HUMAN	Rec354	Rec354 protein homolog	2	235191078	119712651	0	303490382	64904358	27195912	155906197	123833533	97838147	4805425	8714590	22584959	88220448	35027874	240269243	192363771
P10354	P10354	Met355_HUMAN	Met355	Met355 protein homolog	1	197663851	179376209	8009215	63300320	12093400	0	21212851	174425279	78475337	561737793	40912279	0	0	45105712	4742326	163485250
P10355	P10355	Met356_HUMAN	Met356	Met356 protein homolog	2	14802429	11293618	260485366	245868267	153933824	21776369	31637793	44258255	63978827	312713523	48054067	317678665	107983063	0	92349963	420960670
P10356	P10356	Kin357_HUMAN	Kin357	Kin357 protein homolog	3	687211827	173453492	35652146	17389632	64254307	0	61999015	68011066	37044165	33596766	24505037	56528496	373426988	34231760	27976860	10505491
P10357	P10357	Met358_HUMAN	Met358	Met358 protein homolog	1	83493242	229703891	411326440	48127959	95886433	23592631	58794873	52027167	36085930	0	51435284	28635284	22232321	481362149	1441492862	7231155
P10358	P10358	Prot359_HUMAN	Prot359	Prot359 protein homolog	4	6574138	7499754	31385264	173463983	80249527	51370803	80688103	13702564	24866464	36566154	4374091	5063594	7461626	93146168	43462018	102490270
P10359	P10359	Sig360_HUMAN	Sig360	Sig360 protein homolog	2	0	0	99290045	0	122726860	0	111642141	10800888	131007953	2148972668	0	83143354	0	64627897	22882134	41744287
P10360	P10360	Str361_HUMAN	Str361	Str361 protein homolog	4	9791998	107303514	4998726	174675780	19768364	5041498	184776565	34961710	0	205124832	8491897	27929539	31626203	325027560	45948055	35320166
P10361	P10361	Met362_HUMAN	Met362	Met362 protein homolog	3	28422597	27445638	168791495	40725428	23633320	17827573	18577880	4578152	11363244	234078334	26092289	79831447	0	83576427	34322620	0
P10362	P10362	Kin363_HUMAN	Kin363	Kin363 protein homolog	4	62624101	14571992	0	139809218	40027413	20512605	6084428	0	33487450	287022966	40967243	5027692	59325554	35872773	79334022	88297605
P10363	P10363	Met364_HUMAN	Met364	Met364 protein homolog	2	0	70013824	8308930	4878168	22376594	57109877	4414175	76980040	0	35355717	7966876	6032853	129513218	5581189	145592388	27696009
P10364	P10364	Prot365_HUMAN	Prot365	Prot365 protein homolog	1	18866016	0	27915760	68409653	5462746	69394030	30455049	14727864	140742889	0	45302371	305288138	295026690	44636413	24909727	12070570
P10365	P10365	Trf366_HUMAN	Trf366	Trf366 protein homolog	1	23186268	63414750	9739439	131617502	481711811	34066334	7459294	5998486	74658438	23661422	96777891	16547430	111234563	20682291	10137261	16257006
P10366	P10366	Rec367_HUMAN	Rec367	Rec367 protein homolog	1	6147921	799281111	24179486	66920311	12594754	8908849	24055050	128172996	15117306	8514456	44266005	117115613	366936622	53744150	71354086	68782129
P10367	P10367	Enz368_HUMAN	Enz368	Enz368 protein homolog	3	7903587	10165248	6777760	6812291	101524440	58931203	39843781	0	475374189	9423261	687240926	4048838	11921976	0	65195427	7780161
P10368	P10368	Prot369_HUMAN	Prot369	Prot369 protein homolog	3	5904430	4777310	119641478	69245526	331120871	12783128	70819236	4883744	23375666	17253072	56511609	0	120778044	9683076	94811205	31405172
P10369	P10369	Str370_HUMAN	Str370	Str370 protein homolog	4	25794037	12716556	19369464	423775789	50751922	37511926	21083735	733796143	193787101	12729526	0	27827481	34313852	9409831	59059566	0
P10370	P10370	Enz371_HUMAN	Enz371	Enz371 protein homolog	4	5187323	7861110	16538731	21258095	384325734	187806672	98587381	27432605	0	4378000	94325851	69900070	219440122	31217442	36943734	45508652
P10371	P10371	Sig372_HUMAN	Sig372	Sig372 protein homolog	4	165000759	4456440	116466869	0	6899039	0	30833688	248000283	372644903	65744246	506855542	17141042	0	16873556	13854182	10383206
P10372	P10372	Rec373_HUMAN	Rec373	Rec373 protein homolog	2	0	177760577	11827421	9585913	7297543	38554345	458757371	772166731	0	20979887	0	0	45692944	16583290	46548585	17555087
P10373	P10373	Enz374_HUMAN	Enz374	Enz374 protein homolog	2	0	0	62930126	0	32255538	569534814	221813434	0	22921640	4941446	341242908	51266371	16071735	33247399	0	0
P10374	P10374	Met375_HUMAN	Met375	Met375 protein homolog	4	33879262	137596931	0	26359228	149637977	7328743	40566366	57186539	423929901	32228725	24747637	130843037	7179216	19704557	17243533	17731368
P10375	P10375	Prot376_HUMAN	Prot376	Prot376 protein homolog	3	104818127	61051377	11358784	74487314	378632833	7856385	46061404	30311417	28661699	0	251210298	8668270	112297076	14696158	14392475	155644319
P10376	P10376	Sig377_HUMAN	Sig377	Sig377 protein homolog	2	112820685	43981638	0	22136882	0	11603084	122318115	11920031	297167473	18408328	51541688	67588399	49549697	22621322	36104628	152897987
P10377	P10377	Sig378_HUMAN	Sig378	Sig378 protein homolog	4	16000282	24200238	38559962	164033197	24294421	639392571	29264201	22055947	21983975	5162831	5308831	14748786	0	25631663	20021756	175566166
P10378	P10378	Rec379_HUMAN	Rec379	Rec379 protein homolog	1	0	178724817	0	17147193	358445767	48114734	22911095	71669534	127687913	17140458	51231272	115565124	7732253	27840933	5876494	8144882
P10379	P10379	Enz380_HUMAN	Enz380	Enz380 protein homolog	3	20988121	67258560	20277057	18828374	33952808	10889953	54669070	130480131	29042923	0	47603513	0	75460738	0	25714589	25226716
P10380	P10380	Prot381_HUMAN	Prot381	Prot381 protein homolog	4	116429508	231736941	102218164	0	97042398	1097447818	86711954	6809487	64936971	4088693	215991057	8556356	45079010	8616409	15810961	257777173
P10381	P10381	Met382_HUMAN	Met382	Met382 protein homolog	3	31441869	11842506	6079076	0	5058804	36588740	88227699	14286033	366227070	14369965	23692054	7902854	111544593	861546147	4485056	21489416
P10382	P10382	Met383_HUMAN	Met383	Met383 protein homolog	3	332036233	3919000	56747127	157421491	35729454	116370174	363519378	418008304	25544828	20332030	11532726	117516235	0	18696616	0	19280476
P10383	P10383	Kin384_HUMAN	Kin384	Kin384 protein homolog	1	50133754	1731861709	42598541	18212263	136600935	0	232602370	30950894	17441704	0	4451412	0	85159669	4361484	274524506	32433397
P10384	P10384	Prot385_HUMAN	Prot385	Prot385 protein homolog	3	17270064	13603018	106411378	9111069	7989912	144346517	53501808	24776857	75892345	23273685	50569441	12516777	566746114	14035020	239060360	22748165
P10385	P10385	Prot386_HUMAN	Prot386	Prot386 protein homolog	2	137692874	73259566	191126215	10565583	156839532	372631092	21788761	35166442	14574131	22238515	395767335	13102537	9630767	210337242	101577284	608035073
P10386	P10386	Prot387_HUMAN	Prot387	Prot387 protein homolog	4	27305728	54277073	12087946	47557619	0	86771405	60471147	39049229	23527310	9858856	154224100	6133647	48842429	443541237	357469595	4098737
P10387	P10387	Str388_HUMAN	Str388	Str388 protein homolog	2	16480322	53764267	27704661	4093943	63136771	32428348	521883457	25348097	155059120	4277107	5850958	171225151	204980807	11759059	30152468	4952393
P10388	P10388	Met389_HUMAN	Met389	Met389 protein homolog	2	22029776	0	16244533	31302750	8345880	11163366	359589839	0	7425686	22050865	3983759	8922148	233188775	24039874	411457441	23225549
P10389	P10389	Kin390_HUMAN	Kin390	Kin390 protein homolog	2	23072030	79660637	0	33456748	33182494	309951479	87231064	6588151	264398783	0	6490761	50567542	21684190	326911005	46612692	44134640
P10390	P10390	Sig391_HUMAN	Sig391	Sig391 protein homolog	3	104579971	152759890	88368333	229173576	61100604	46881026	193925823	21136718	43195210	0	328741186	38893261	0	325009792	95755237	0
P10391	P10391	Kin392_HUMAN	Kin392	Kin392 protein homolog	4	22032532	59060211	35410449	17291296	46622026	44212912	17451282	116255613	171025280	103434177	14697704	69324606	56492057	5277992	126669754	44682595
P10392	P10392	Enz393_HUMAN	Enz393	Enz393 protein homolog	2	1209839562	185180916	90017426	70250060	58208864	8835576	0	8203068	26304173	0	22151062	0	23371107	18501846	17051558	370098655
P10393	P10393	Trf394_HUMAN	Trf394	Trf394 protein homolog	1	92514769	12897233	26740630	27812923	15535950	17201723	139480267	17733397	6493905	31618009	35245921	0	34557059	102735958	60296977	710349551
P10394	P10394	Sig395_HUMAN	Sig395	Sig395 protein homolog	4	177956567	228154154	1907228895	66418956	58357889	133118830	17544705	45296491	11798719	48171000	10965749	12298871	68838293	0	0	0
P10395	P10395	Str396_HUMAN	Str396	Str396 protein homolog	3	6312573	12576240	57519797	38254724	128171989	50760286	120150325	97167114	39753479	139853408	73910803	40262666	250313089	0	17127864	19261908
P10396	P10396	Prot397_HUMAN	Prot397	Prot397 protein homolog	2	164854045	0	0	229603792	7450429	7800454	0	15626809	3914878	78121728	84511166	138426863	16037599	16958408	40959488	373100210
P10397	P10397	Kin398_HUMAN	Kin398	Kin398 protein homolog	4	0	9825169	30809891	6828644	19990828	31501737	11417003	29208550	101423870	23299613	0	30795354	28905712	0	67801902	13032262
P10398	P10398	Enz399_HUMAN	Enz399	Enz399 protein homolog	2	201946774	65065683	202981722	9256217	21856987	4291335	12355062	149030345	261805830	4220988	12902926	38659475	81592162	0	0	52797859
P10399	P10399	Enz400_HUMAN	Enz400	Enz400 protein homolog	3	0	16815816	57944876	57453953	27908088	15140772	0	51694565	12663132	31959848	61089069	497776012	102862233	229253671	16378114	20327651
